{"cameraMode":{"drawMode":0,"name":"Shaded","section":"Shading Mode"},"sceneLighting":true,"audioPlay":false,"sceneViewState":{"m_AlwaysRefresh":false,"showFog":true,"showSkybox":true,"showFlares":true,"showImageEffects":true,"showParticleSystems":true,"showVisualEffectGraphs":true,"m_FxEnabled":true},"in2DMode":false,"pivot":{"x":12.99744701385498,"y":3.6242427825927736,"z":1.7707157135009766},"rotation":{"x":0.11692545562982559,"y":0.2127743363380432,"z":-0.025654766708612443,"w":0.9696971774101257},"size":7.548484802246094,"orthographic":false}