{"cameraMode":{"drawMode":0,"name":"Shaded","section":"Shading Mode"},"sceneLighting":true,"audioPlay":false,"sceneViewState":{"m_AlwaysRefresh":false,"showFog":true,"showSkybox":true,"showFlares":true,"showImageEffects":true,"showParticleSystems":true,"showVisualEffectGraphs":true,"m_FxEnabled":true},"in2DMode":false,"pivot":{"x":1.770953893661499,"y":2.004197359085083,"z":0.1999797821044922},"rotation":{"x":-0.035978253930807117,"y":-0.027569521218538286,"z":0.000993279623799026,"w":-0.9989643692970276},"size":3.099067211151123,"orthographic":false}