{"cameraMode":{"drawMode":0,"name":"Shaded","section":"Shading Mode"},"sceneLighting":true,"audioPlay":false,"sceneViewState":{"m_AlwaysRefresh":false,"showFog":true,"showSkybox":true,"showFlares":true,"showImageEffects":true,"showParticleSystems":true,"showVisualEffectGraphs":true,"m_FxEnabled":true},"in2DMode":false,"pivot":{"x":7.219016075134277,"y":3.5419998168945314,"z":-0.48994871973991396},"rotation":{"x":0.23685142397880555,"y":0.08148561418056488,"z":-0.019958820194005967,"w":0.9678702354431152},"size":5.537820339202881,"orthographic":false}